sentence_id,domain,sentence_text,requirement_signal_type,prediction_confidence,requirement_evidence_score,manual_requirement_label,error_category
1280166:2,restaurant,"Food was very good as well, considering that we tried the budget selection (though I wish the pork belly that I ordered was roasted a bit longer, so that fat was more of a melt-in-your-mouth experience).",direct_request,0.6185140305273834,0.9185,not_requirement,positive_feedback
1561259:4,restaurant,"This place is pricey, and yes, the food is worth it; but the service makes you feel like you should be paying a quater of the price.",improvement_signal,0.6232349525173165,0.8232,uncertain,ambiguous
93:5,laptop,If this is an improvement in Customer Service then I would hate too see what it was before!,improvement_signal,0.6181090721283677,0.8181,uncertain,ambiguous
536919:0,restaurant,The only thing more wonderful than the food (which is exceptional) is the service.,improvement_signal,0.5939146729375625,0.7939,not_requirement,positive_feedback
127:8,laptop,I'll rather be out of date then spend more money on toshiba.,improvement_signal,0.5605741833237766,0.7606,not_requirement,preference_without_requirement
366:12,laptop,WOULD PAY MORE FOR IT IF I HAD TOO!,improvement_signal,0.5514945319703939,0.7515,uncertain,preference_without_requirement
37:1,laptop,The speed is incredible and I am more than satisfied.,improvement_signal,0.5505118516475913,0.7505,not_requirement,positive_feedback
720418:3,restaurant,Everyone was more then happy with his choices.,improvement_signal,0.5439213644448484,0.7439,not_requirement,positive_feedback
527109:0,restaurant,"Volare virgins or weekly regulars, everyone gets treated the same and you can't ask for more than that when the service is this friendly.",improvement_signal,0.529836346136957,0.7298,not_requirement,positive_feedback
273:9,laptop,It's more expensive but well worth it in the long run.,improvement_signal,0.5289766775790965,0.729,not_requirement,positive_feedback
426930:0,restaurant,Authentic Taiwanese food that's cheap... what more could you ask for?,improvement_signal,0.5280808138138127,0.7281,not_requirement,positive_feedback
100:5,laptop,"I don't like this company nor the toshiba brand, and I'll never  buy another one because I've put more into it then it is worth.",improvement_signal,0.5218904449767057,0.7219,not_requirement,preference_without_requirement
368:1,laptop,The Toshiba Satellite has been more than I expected for the price.,improvement_signal,0.5174819861161204,0.7175,not_requirement,positive_feedback
1084394:3,restaurant,The Prix Fixe menu is worth every penny and you get more than enough (both in quantity AND quality).,improvement_signal,0.5154408837833759,0.7154,not_requirement,positive_feedback
394:7,laptop,I find myself using the 10-key more than I thought I would.,improvement_signal,0.5074750551246398,0.7075,not_requirement,general_opinion
100:6,laptop,I would  rather spend my money on a computer that costs more then a Toshiba that  isn't good at all.,improvement_signal,0.5064855130848862,0.7065,not_requirement,preference_without_requirement
1448587:4,restaurant,Problem is nothing at Prune is particularly memorable.,problem_or_missing,0.554493843898563,0.7045,uncertain,problem_without_actionable_request
610611:4,restaurant,"service is friendly, and never had a problem walking in and getting a table.",problem_or_missing,0.5151169452017843,0.6651,not_requirement,positive_feedback
1417496:0,restaurant,A restaurant that doesn't try to do anything except serve great food with great service in a pleasant atmosphere.,problem_or_missing,0.5121367996431689,0.6621,not_requirement,positive_feedback
